donation_id,donor_id,donation_date,donation_type,channel,amount_usd
1,88,2024-12-03,In-Kind,Bank,91.73
2,231,2024-12-26,In-Kind,Bank,301.9
3,69,2024-09-03,In-Kind,Bank,150.17
4,197,2025-06-25,Cash,Bank,181.24
5,183,2025-03-01,In-Kind,Online,37.54
6,59,2024-09-15,Cash,Bank,42.91
7,106,2024-11-11,Cash,Bank,176.55
8,17,2025-01-28,In-Kind,Bank,127.14
9,160,2025-01-10,Cash,Online,39.29
10,62,2024-11-05,Cash,Online,374.51
11,101,2024-12-02,In-Kind,Bank,302.9
12,40,2025-01-19,In-Kind,Cash,132.68
13,28,2025-03-08,Cash,Cash,104.25
14,134,2025-02-02,In-Kind,Bank,263.01
15,220,2025-02-05,In-Kind,Bank,699.04
16,39,2025-08-01,Cash,Bank,236.81
17,73,2024-12-14,In-Kind,Bank,180.87
18,100,2024-09-27,In-Kind,Bank,494.04
19,47,2025-06-25,Cash,Bank,47.46
20,58,2025-07-25,Cash,Bank,215.65
21,226,2025-06-24,Cash,Online,38.42
22,116,2025-03-10,Cash,Online,235.82
23,57,2025-08-31,In-Kind,Online,165.69
24,40,2025-06-01,Cash,Online,119.01
25,234,2025-04-21,Cash,Online,99.46
26,154,2025-05-19,In-Kind,Online,21.45
27,105,2024-09-15,In-Kind,Bank,122.27
28,235,2024-09-27,In-Kind,Online,272.66
29,117,2024-09-18,In-Kind,Online,55.91
30,68,2025-01-10,In-Kind,Bank,57.22
31,54,2024-09-23,In-Kind,Online,267.27
32,141,2025-08-19,Cash,Bank,65.52
33,203,2025-01-04,Cash,Bank,123.8
34,161,2025-02-03,Cash,Bank,201.07
35,241,2024-10-15,In-Kind,Online,55.23
36,207,2024-10-18,In-Kind,Online,110.47
37,121,2025-07-29,In-Kind,Online,379.53
38,173,2025-06-17,Cash,Bank,143.95
39,38,2025-04-05,Cash,Bank,289.31
40,165,2024-11-20,Cash,Bank,168.96
41,80,2025-05-12,Cash,Bank,279.03
42,199,2025-07-13,Cash,Bank,46.43
43,85,2025-04-27,In-Kind,Online,168.06
44,29,2025-08-31,In-Kind,Bank,28.46
45,97,2024-11-04,Cash,Online,176.78
46,84,2025-08-07,Cash,Online,226.66
47,23,2025-05-08,In-Kind,Bank,39.4
48,16,2024-09-02,Cash,Online,29.34
49,241,2025-07-01,In-Kind,Online,235.01
50,45,2025-06-16,Cash,Bank,195.08
51,171,2025-03-11,Cash,Bank,152.16
52,172,2025-01-16,In-Kind,Bank,124.64
53,46,2024-12-16,In-Kind,Cash,235.83
54,118,2024-11-07,Cash,Bank,105.4
55,196,2025-01-02,Cash,Bank,205.3
56,190,2025-03-10,Cash,Bank,189.22
57,98,2024-12-20,Cash,Bank,208.45
58,215,2024-09-12,Cash,Online,107.1
59,223,2025-03-29,Cash,Cash,266.95
60,168,2025-06-28,In-Kind,Online,87.3
61,196,2024-11-30,In-Kind,Bank,113.71
62,23,2024-11-28,Cash,Bank,137.64
63,222,2025-08-31,Cash,Cash,111.74
64,157,2025-05-16,Cash,Bank,137.44
65,65,2025-06-03,In-Kind,Bank,238.42
66,83,2024-11-26,In-Kind,Bank,4.78
67,157,2025-03-30,Cash,Online,245.28
68,183,2025-04-03,In-Kind,Cash,40.54
69,192,2025-07-30,Cash,Bank,158.08
70,234,2024-11-16,Cash,Bank,243.32
71,143,2025-07-26,Cash,Cash,285.19
72,211,2025-04-15,In-Kind,Bank,198.19
73,72,2025-01-17,In-Kind,Bank,116.31
74,23,2024-11-01,In-Kind,Bank,246.5
75,125,2025-05-30,Cash,Online,155.37
76,35,2025-08-26,Cash,Bank,299.64
77,43,2025-08-14,In-Kind,Online,40.14
78,135,2025-08-23,In-Kind,Cash,64.17
79,50,2025-03-07,In-Kind,Online,83.13
80,60,2025-03-10,In-Kind,Online,135.61
81,8,2025-05-18,In-Kind,Online,253.93
82,160,2024-09-23,In-Kind,Bank,119.55
83,61,2024-12-03,Cash,Bank,179.06
84,181,2024-11-25,Cash,Online,129.86
85,172,2024-09-10,Cash,Online,118.82
86,89,2025-05-08,In-Kind,Bank,170.08
87,70,2024-10-06,In-Kind,Bank,101.55
88,112,2025-06-13,In-Kind,Bank,119.84
89,21,2024-10-06,In-Kind,Bank,107.77
90,77,2025-05-19,Cash,Online,213.25
91,146,2025-01-05,Cash,Online,619.67
92,47,2025-07-04,Cash,Bank,145.28
93,54,2025-01-30,In-Kind,Online,111.81
94,65,2025-05-08,In-Kind,Bank,116.34
95,248,2025-05-05,In-Kind,Bank,588.83
96,27,2025-04-12,In-Kind,Online,78.78
97,29,2025-01-09,Cash,Bank,430.62
98,168,2024-12-08,Cash,Bank,240.09
99,123,2025-07-17,In-Kind,Online,236.67
100,9,2025-07-25,In-Kind,Bank,194.95
101,227,2024-09-23,In-Kind,Cash,235.01
102,130,2024-09-04,Cash,Bank,220.33
103,232,2025-07-28,In-Kind,Online,75.95
104,15,2025-05-11,Cash,Bank,223.08
105,223,2025-08-06,In-Kind,Online,188.12
106,119,2025-01-25,In-Kind,Online,124.91
107,102,2024-12-14,In-Kind,Bank,25.84
108,107,2025-04-03,In-Kind,Bank,176.89
109,106,2025-01-09,In-Kind,Bank,118.73
110,230,2024-12-10,In-Kind,Bank,17.89
111,98,2025-01-14,Cash,Bank,126.97
112,227,2024-11-26,In-Kind,Bank,81.18
113,116,2025-01-31,Cash,Bank,394.93
114,246,2024-11-19,Cash,Bank,94.05
115,55,2024-09-19,Cash,Online,80.56
116,19,2025-07-19,In-Kind,Cash,112.51
117,63,2025-06-29,In-Kind,Bank,135.32
118,110,2024-12-24,Cash,Bank,556.06
119,141,2024-10-18,Cash,Bank,157.63
120,134,2025-02-05,In-Kind,Bank,107.52
121,70,2024-11-09,In-Kind,Bank,8.91
122,97,2025-03-05,Cash,Bank,434.3
123,247,2024-10-10,In-Kind,Bank,223.68
124,137,2024-09-30,In-Kind,Online,91.24
125,213,2024-10-14,In-Kind,Cash,239.38
126,84,2024-09-13,In-Kind,Cash,274.17
127,106,2025-02-26,Cash,Cash,82.03
128,142,2025-06-22,Cash,Bank,51.7
129,171,2025-07-10,In-Kind,Online,169.68
130,219,2024-12-14,Cash,Online,118.0
131,122,2025-07-02,In-Kind,Bank,116.71
132,212,2024-10-03,Cash,Online,130.57
133,141,2025-02-10,In-Kind,Bank,233.95
134,77,2024-12-08,Cash,Bank,124.33
135,135,2024-10-15,In-Kind,Bank,263.79
136,112,2025-06-12,Cash,Bank,306.81
137,123,2024-09-29,In-Kind,Online,45.04
138,78,2025-04-13,Cash,Cash,313.29
139,115,2024-10-19,Cash,Online,27.66
140,161,2025-08-19,Cash,Online,212.32
141,110,2025-05-06,In-Kind,Bank,65.14
142,31,2024-10-01,Cash,Cash,198.47
143,80,2025-02-08,In-Kind,Bank,375.04
144,158,2024-09-12,Cash,Bank,188.12
145,146,2025-08-17,Cash,Bank,580.43
146,237,2025-03-05,In-Kind,Bank,137.89
147,49,2025-01-25,Cash,Bank,66.97
148,67,2025-03-14,Cash,Bank,83.73
149,102,2025-07-23,Cash,Bank,242.75
150,30,2025-08-08,In-Kind,Online,224.81
151,208,2024-11-25,In-Kind,Bank,66.05
152,219,2024-10-01,In-Kind,Online,237.13
153,84,2025-04-08,Cash,Bank,40.39
154,203,2025-07-01,In-Kind,Bank,249.41
155,6,2024-12-04,In-Kind,Bank,139.24
156,120,2025-01-08,In-Kind,Online,203.74
157,105,2024-12-02,Cash,Bank,74.55
158,1,2024-10-01,Cash,Bank,195.28
159,20,2025-02-12,Cash,Bank,29.22
160,94,2024-11-24,In-Kind,Online,28.19
161,178,2025-01-28,Cash,Bank,432.64
162,12,2025-04-21,Cash,Bank,355.72
163,159,2025-04-01,Cash,Bank,72.55
164,172,2025-05-25,In-Kind,Bank,323.29
165,111,2025-05-20,In-Kind,Bank,100.74
166,8,2025-04-20,Cash,Bank,548.56
167,131,2025-05-11,Cash,Bank,46.62
168,201,2025-05-28,Cash,Cash,260.82
169,192,2025-04-09,Cash,Online,372.88
170,223,2024-09-13,Cash,Bank,149.63
171,102,2024-12-01,Cash,Bank,90.43
172,24,2025-02-22,Cash,Bank,30.98
173,53,2025-05-07,Cash,Bank,56.94
174,53,2025-07-10,Cash,Bank,246.75
175,163,2025-06-22,In-Kind,Bank,481.6
176,239,2025-08-17,Cash,Bank,62.69
177,47,2024-11-08,Cash,Bank,273.69
178,78,2025-04-25,In-Kind,Online,125.36
179,168,2025-04-30,Cash,Bank,105.48
180,229,2025-06-22,In-Kind,Bank,152.83
181,68,2024-11-28,Cash,Bank,101.39
182,155,2025-02-17,In-Kind,Bank,245.66
183,113,2025-07-27,Cash,Bank,166.25
184,165,2025-04-12,In-Kind,Online,234.05
185,165,2024-10-20,In-Kind,Bank,142.45
186,130,2024-10-14,Cash,Bank,180.96
187,249,2025-08-11,Cash,Bank,43.53
188,41,2024-12-08,In-Kind,Bank,232.63
189,66,2025-04-26,In-Kind,Cash,53.92
190,104,2024-12-01,In-Kind,Bank,201.77
191,167,2024-10-24,Cash,Online,106.53
192,158,2025-01-25,Cash,Cash,373.42
193,48,2024-12-19,Cash,Online,126.65
194,51,2025-02-27,Cash,Cash,75.58
195,120,2024-11-03,Cash,Online,100.15
196,218,2025-02-06,Cash,Bank,44.19
197,80,2025-06-10,Cash,Bank,136.56
198,74,2025-01-24,In-Kind,Bank,56.88
199,235,2025-04-12,Cash,Bank,67.78
200,188,2025-08-15,In-Kind,Cash,28.02
201,150,2025-07-16,Cash,Online,285.08
202,8,2025-04-24,Cash,Bank,664.5
203,49,2025-02-21,In-Kind,Cash,300.54
204,50,2025-06-06,Cash,Bank,260.81
205,250,2024-10-13,In-Kind,Bank,183.8
206,124,2025-03-08,Cash,Cash,199.15
207,180,2024-09-14,Cash,Bank,218.55
208,32,2024-12-09,Cash,Bank,267.98
209,157,2025-03-24,Cash,Bank,351.5
210,43,2024-10-08,In-Kind,Online,71.15
211,78,2025-05-05,In-Kind,Bank,86.71
212,161,2024-12-19,In-Kind,Cash,216.8
213,155,2025-05-07,Cash,Online,60.85
214,195,2025-03-22,Cash,Online,293.8
215,53,2025-04-02,Cash,Online,399.36
216,172,2025-01-29,In-Kind,Online,601.96
217,227,2025-07-20,Cash,Bank,11.91
218,66,2024-09-23,In-Kind,Bank,186.79
219,109,2025-06-18,Cash,Online,216.42
220,127,2024-11-27,In-Kind,Bank,145.2
221,84,2025-03-03,In-Kind,Online,101.48
222,225,2024-12-04,In-Kind,Online,296.39
223,116,2025-04-21,Cash,Bank,33.94
224,101,2025-05-19,In-Kind,Bank,241.3
225,133,2025-07-14,In-Kind,Bank,159.89
226,95,2025-06-15,Cash,Bank,49.15
227,213,2025-02-13,In-Kind,Online,211.2
228,19,2025-07-02,In-Kind,Bank,176.99
229,173,2024-11-28,Cash,Bank,33.29
230,143,2025-02-16,In-Kind,Cash,47.1
231,226,2024-11-29,In-Kind,Online,111.72
232,35,2024-09-30,Cash,Bank,147.48
233,185,2024-10-17,Cash,Online,103.95
234,201,2025-02-18,In-Kind,Cash,156.72
235,69,2025-07-17,Cash,Bank,85.71
236,163,2025-05-05,Cash,Online,101.07
237,215,2025-06-18,Cash,Online,206.98
238,75,2024-09-22,In-Kind,Bank,554.14
239,47,2025-04-01,Cash,Online,95.9
240,237,2025-02-03,Cash,Bank,581.3
241,34,2025-04-26,In-Kind,Bank,3.25
242,134,2025-03-26,Cash,Bank,56.09
243,93,2025-01-25,Cash,Bank,203.99
244,75,2025-06-09,In-Kind,Bank,204.81
245,222,2025-03-21,Cash,Cash,126.71
246,192,2025-03-16,In-Kind,Bank,295.07
247,161,2024-09-22,In-Kind,Online,294.64
248,183,2024-10-11,In-Kind,Online,331.86
249,64,2025-01-16,Cash,Bank,67.3
250,85,2024-12-07,In-Kind,Bank,325.0
251,132,2024-11-28,In-Kind,Bank,244.24
252,2,2025-06-13,In-Kind,Online,344.51
253,119,2024-09-06,Cash,Bank,511.3
254,216,2025-03-02,Cash,Bank,123.32
255,53,2025-04-14,Cash,Bank,260.91
256,147,2025-03-18,Cash,Cash,130.34
257,39,2024-11-02,Cash,Bank,185.89
258,63,2025-06-30,Cash,Bank,77.63
259,175,2025-01-29,In-Kind,Bank,165.22
260,71,2025-02-13,In-Kind,Online,473.35
261,9,2024-11-25,Cash,Bank,171.54
262,183,2024-10-27,Cash,Bank,385.44
263,45,2025-06-11,Cash,Online,93.12
264,42,2024-10-29,Cash,Bank,288.95
265,84,2024-09-08,In-Kind,Online,102.78
266,68,2025-04-04,In-Kind,Online,109.61
267,50,2025-04-10,Cash,Bank,258.23
268,72,2025-07-23,Cash,Online,139.99
269,100,2025-05-04,In-Kind,Bank,97.31
270,75,2025-08-23,In-Kind,Online,127.74
271,228,2025-05-01,Cash,Bank,130.27
272,228,2024-10-26,In-Kind,Bank,91.38
273,205,2024-12-12,In-Kind,Bank,291.92
274,53,2025-02-05,In-Kind,Online,103.79
275,195,2024-09-22,Cash,Bank,89.41
276,90,2025-05-13,Cash,Online,142.01
277,79,2025-07-04,Cash,Online,482.46
278,13,2025-07-30,Cash,Bank,77.98
279,222,2024-12-19,Cash,Online,156.01
280,38,2024-12-28,In-Kind,Bank,189.11
281,242,2025-04-21,In-Kind,Bank,36.64
282,223,2024-12-13,In-Kind,Bank,73.86
283,106,2025-07-03,In-Kind,Cash,157.25
284,111,2025-01-16,Cash,Bank,172.21
285,209,2024-11-17,In-Kind,Bank,209.96
286,172,2025-06-12,Cash,Online,121.15
287,30,2025-06-30,In-Kind,Bank,39.23
288,234,2024-12-05,In-Kind,Online,195.88
289,11,2025-06-03,In-Kind,Bank,540.74
290,185,2025-02-01,Cash,Online,48.11
291,127,2025-01-22,In-Kind,Bank,178.37
292,200,2025-03-11,In-Kind,Bank,267.28
293,115,2024-10-19,Cash,Cash,243.89
294,206,2024-11-05,Cash,Bank,313.8
295,54,2024-11-09,In-Kind,Online,165.93
296,74,2025-07-12,Cash,Bank,99.01
297,246,2025-08-17,In-Kind,Bank,62.74
298,215,2025-01-26,Cash,Online,85.42
299,201,2025-03-13,In-Kind,Online,139.54
300,160,2025-05-16,Cash,Bank,268.71
301,68,2025-05-14,In-Kind,Cash,313.58
302,141,2025-06-17,Cash,Cash,227.07
303,6,2025-04-02,Cash,Cash,85.6
304,44,2024-11-25,Cash,Cash,110.28
305,52,2025-03-27,Cash,Bank,191.84
306,82,2025-03-20,Cash,Online,65.42
307,242,2025-03-08,In-Kind,Cash,114.41
308,177,2025-01-02,In-Kind,Online,317.73
309,223,2025-08-21,Cash,Bank,183.7
310,185,2025-06-15,Cash,Cash,221.21
311,209,2025-05-03,Cash,Bank,104.42
312,121,2025-06-06,In-Kind,Cash,66.6
313,21,2025-04-03,Cash,Online,94.1
314,127,2025-05-04,Cash,Bank,203.43
315,7,2025-01-22,Cash,Online,309.31
316,232,2025-07-19,Cash,Online,124.59
317,211,2025-06-26,Cash,Online,263.42
318,208,2024-11-10,Cash,Bank,203.85
319,106,2025-05-31,Cash,Cash,284.99
320,103,2025-01-11,In-Kind,Bank,101.75
321,33,2025-04-26,In-Kind,Bank,166.74
322,211,2024-09-09,Cash,Bank,890.98
323,220,2024-12-25,Cash,Bank,64.37
324,242,2024-12-01,In-Kind,Online,121.27
325,218,2025-05-06,Cash,Bank,301.8
326,145,2025-03-31,In-Kind,Bank,195.77
327,14,2025-01-07,Cash,Online,36.3
328,81,2025-03-08,Cash,Cash,19.22
329,65,2025-05-07,Cash,Bank,134.62
330,203,2025-02-08,In-Kind,Bank,26.42
331,76,2025-08-11,Cash,Cash,192.3
332,61,2024-10-25,Cash,Cash,86.01
333,95,2025-01-12,In-Kind,Bank,379.6
334,227,2025-06-26,Cash,Bank,96.12
335,225,2025-05-21,In-Kind,Bank,125.6
336,68,2025-03-15,In-Kind,Bank,280.73
337,141,2025-06-26,In-Kind,Bank,75.26
338,82,2024-09-30,In-Kind,Bank,92.85
339,93,2025-02-26,Cash,Online,78.12
340,195,2024-09-15,In-Kind,Bank,100.36
341,117,2024-09-09,In-Kind,Bank,112.25
342,163,2025-06-06,In-Kind,Online,273.41
343,6,2025-01-16,In-Kind,Bank,83.96
344,124,2024-09-25,In-Kind,Bank,42.89
345,108,2025-08-29,In-Kind,Online,99.11
346,75,2025-08-11,Cash,Bank,182.97
347,151,2025-05-28,Cash,Bank,202.22
348,18,2025-06-03,Cash,Bank,178.96
349,182,2025-08-16,Cash,Online,45.62
350,64,2024-11-26,In-Kind,Online,188.71
351,166,2025-04-23,In-Kind,Bank,132.76
352,27,2024-09-11,Cash,Bank,96.85
353,180,2025-03-13,In-Kind,Cash,306.42
354,158,2025-08-18,In-Kind,Bank,296.73
355,137,2024-10-18,In-Kind,Bank,16.62
356,187,2025-07-23,Cash,Online,96.94
357,37,2025-07-27,In-Kind,Online,174.35
358,210,2024-11-17,In-Kind,Bank,292.64
359,150,2024-12-06,In-Kind,Bank,506.12
360,72,2025-07-16,Cash,Online,6.26
361,10,2025-04-29,Cash,Bank,335.01
362,143,2024-12-28,Cash,Online,105.71
363,133,2025-01-08,In-Kind,Cash,73.12
364,55,2025-01-10,Cash,Bank,257.6
365,12,2024-09-21,In-Kind,Online,68.14
366,198,2025-01-19,Cash,Cash,445.16
367,199,2025-02-05,In-Kind,Bank,104.44
368,242,2025-02-28,In-Kind,Online,122.41
369,239,2025-08-01,In-Kind,Bank,208.96
370,102,2025-01-31,Cash,Bank,172.26
371,46,2025-07-18,In-Kind,Bank,87.15
372,103,2024-12-28,In-Kind,Bank,280.51
373,179,2024-11-02,Cash,Bank,11.18
374,185,2025-07-18,In-Kind,Bank,111.03
375,156,2025-06-27,Cash,Bank,60.38
376,43,2024-09-16,Cash,Bank,144.13
377,77,2025-08-19,In-Kind,Bank,54.49
378,67,2025-08-21,Cash,Bank,123.6
379,92,2024-10-15,Cash,Bank,99.0
380,91,2025-04-04,Cash,Bank,17.57
381,28,2024-10-13,In-Kind,Online,73.61
382,38,2025-04-02,In-Kind,Cash,104.73
383,42,2024-11-21,In-Kind,Bank,229.46
384,215,2025-05-20,Cash,Online,108.78
385,127,2025-06-30,In-Kind,Bank,54.05
386,81,2025-06-29,Cash,Bank,75.44
387,69,2024-11-22,In-Kind,Online,93.73
388,63,2025-05-08,Cash,Bank,102.97
389,240,2025-08-31,In-Kind,Online,207.4
390,159,2025-04-02,Cash,Online,101.72
391,224,2025-06-03,In-Kind,Online,113.32
392,215,2025-06-10,In-Kind,Online,193.14
393,157,2025-08-01,Cash,Online,71.97
394,109,2025-03-16,In-Kind,Online,126.98
395,7,2024-09-01,Cash,Bank,164.07
396,112,2025-06-17,Cash,Bank,206.77
397,170,2025-04-12,In-Kind,Bank,291.46
398,166,2024-09-03,Cash,Bank,375.98
399,187,2024-12-27,Cash,Cash,73.69
400,41,2025-08-12,Cash,Bank,188.13
401,67,2025-08-19,Cash,Bank,149.14
402,154,2024-09-23,Cash,Online,95.5
403,180,2025-03-09,In-Kind,Online,293.26
404,108,2025-06-18,Cash,Bank,59.0
405,122,2025-02-15,Cash,Bank,82.02
406,212,2024-11-06,In-Kind,Online,35.98
407,31,2025-08-18,Cash,Online,201.85
408,190,2025-07-29,In-Kind,Bank,170.74
409,232,2024-12-22,Cash,Bank,75.47
410,26,2025-05-07,Cash,Bank,131.86
411,195,2024-10-27,Cash,Online,48.61
412,142,2025-08-11,Cash,Online,44.75
413,128,2025-04-24,Cash,Online,138.32
414,102,2024-09-13,In-Kind,Online,28.9
415,212,2025-05-29,In-Kind,Bank,227.21
416,99,2025-08-23,Cash,Bank,146.72
417,96,2024-10-22,Cash,Bank,193.64
418,223,2025-03-02,In-Kind,Online,325.25
419,116,2024-10-02,Cash,Bank,26.74
420,33,2025-02-14,In-Kind,Bank,240.86
421,195,2025-02-26,In-Kind,Bank,321.09
422,231,2025-01-08,In-Kind,Bank,257.5
423,121,2025-05-23,Cash,Bank,193.6
424,75,2025-04-26,Cash,Cash,174.69
425,39,2025-03-14,Cash,Online,352.68
426,109,2025-01-18,Cash,Bank,234.3
427,94,2025-02-08,In-Kind,Bank,123.0
428,136,2025-08-11,In-Kind,Online,199.61
429,81,2025-08-07,Cash,Online,195.96
430,239,2025-06-21,Cash,Bank,136.58
431,120,2024-10-24,Cash,Bank,247.9
432,225,2025-06-23,In-Kind,Online,95.86
433,76,2024-11-29,Cash,Bank,266.94
434,88,2025-04-10,Cash,Bank,45.26
435,101,2025-08-14,In-Kind,Bank,219.82
436,50,2024-09-09,Cash,Online,255.03
437,67,2025-02-17,Cash,Online,153.7
438,66,2025-06-20,Cash,Cash,124.28
439,93,2025-05-03,Cash,Online,20.45
440,68,2025-05-04,Cash,Bank,86.74
441,60,2025-04-14,Cash,Bank,136.28
442,140,2025-04-30,In-Kind,Bank,82.35
443,73,2024-11-22,Cash,Online,32.8
444,125,2025-07-27,Cash,Bank,232.73
445,34,2024-09-18,In-Kind,Online,393.31
446,242,2024-09-05,Cash,Bank,11.36
447,144,2024-11-26,In-Kind,Bank,235.62
448,19,2024-11-10,Cash,Bank,313.41
449,230,2025-01-12,Cash,Bank,137.39
450,32,2024-10-28,Cash,Bank,142.02
451,131,2024-11-18,Cash,Bank,147.17
452,213,2025-06-11,Cash,Bank,187.08
453,13,2025-03-10,In-Kind,Online,128.15
454,155,2025-04-30,Cash,Cash,22.66
455,46,2025-03-01,Cash,Bank,204.03
456,39,2025-08-19,Cash,Online,117.15
457,90,2025-05-23,Cash,Bank,59.72
458,12,2025-06-27,In-Kind,Bank,241.84
459,134,2025-06-28,Cash,Cash,149.04
460,197,2025-08-16,Cash,Online,142.3
461,247,2024-09-27,In-Kind,Bank,460.14
462,130,2025-02-03,Cash,Online,138.69
463,2,2025-05-29,Cash,Online,87.47
464,101,2024-09-01,In-Kind,Online,144.09
465,95,2024-12-20,In-Kind,Online,249.32
466,39,2025-06-18,In-Kind,Bank,418.57
467,163,2025-06-03,In-Kind,Online,262.15
468,180,2025-06-15,Cash,Bank,100.14
469,16,2025-02-03,In-Kind,Online,206.37
470,168,2025-08-03,In-Kind,Bank,131.73
471,238,2024-11-21,Cash,Bank,16.0
472,187,2025-08-01,Cash,Online,162.77
473,206,2024-09-08,In-Kind,Online,97.33
474,100,2025-06-03,In-Kind,Cash,88.62
475,33,2025-03-11,Cash,Bank,491.99
476,43,2024-12-09,Cash,Bank,83.24
477,43,2025-01-05,In-Kind,Bank,216.55
478,38,2025-05-14,In-Kind,Online,154.49
479,189,2025-05-15,Cash,Bank,123.05
480,243,2024-10-04,Cash,Online,95.99
481,22,2024-12-18,Cash,Bank,67.34
482,84,2024-12-06,In-Kind,Bank,128.73
483,62,2025-06-15,Cash,Bank,57.51
484,67,2025-08-02,Cash,Online,112.51
485,181,2025-04-02,Cash,Bank,335.55
486,203,2025-01-24,Cash,Bank,192.69
487,200,2025-07-26,In-Kind,Bank,127.7
488,83,2024-12-17,In-Kind,Online,91.82
489,128,2025-06-02,In-Kind,Bank,81.54
490,99,2025-02-12,In-Kind,Bank,731.15
491,98,2025-07-15,Cash,Bank,476.22
492,143,2025-07-19,In-Kind,Bank,73.0
493,149,2024-09-20,Cash,Bank,259.64
494,248,2024-10-29,In-Kind,Online,113.68
495,221,2025-01-06,In-Kind,Bank,198.98
496,194,2025-06-28,Cash,Online,299.51
497,202,2025-06-21,Cash,Cash,118.85
498,37,2025-07-30,Cash,Online,222.86
499,13,2025-04-13,Cash,Online,174.67
500,91,2025-01-30,In-Kind,Cash,278.61
501,159,2025-06-16,In-Kind,Online,56.2
502,213,2025-04-24,In-Kind,Bank,181.86
503,130,2024-12-29,In-Kind,Online,15.5
504,52,2024-10-09,Cash,Bank,147.15
505,36,2025-01-14,In-Kind,Cash,102.66
506,221,2025-04-19,In-Kind,Online,163.8
507,213,2024-12-23,Cash,Online,47.92
508,66,2025-02-16,In-Kind,Online,208.19
509,126,2025-03-07,Cash,Bank,170.15
510,131,2025-04-14,In-Kind,Bank,79.75
511,192,2025-06-11,In-Kind,Cash,135.03
512,77,2025-06-25,Cash,Online,58.43
513,41,2025-01-12,Cash,Online,42.78
514,63,2025-07-24,In-Kind,Cash,351.58
515,213,2025-07-27,In-Kind,Bank,255.93
516,146,2025-02-15,In-Kind,Bank,166.88
517,157,2024-10-30,In-Kind,Bank,368.2
518,121,2025-04-30,Cash,Bank,37.1
519,118,2024-12-27,Cash,Bank,507.85
520,20,2025-02-10,Cash,Bank,87.02
521,222,2024-10-19,Cash,Bank,139.57
522,100,2025-04-07,Cash,Online,38.86
523,61,2025-04-04,Cash,Bank,49.97
524,113,2025-07-18,Cash,Bank,71.27
525,86,2025-05-21,In-Kind,Online,237.71
526,139,2025-02-21,Cash,Online,157.8
527,171,2025-05-09,In-Kind,Bank,21.27
528,59,2025-07-16,Cash,Online,79.4
529,40,2024-10-15,Cash,Bank,72.14
530,178,2025-04-24,Cash,Bank,123.69
531,6,2025-03-10,Cash,Bank,234.6
532,215,2025-05-04,In-Kind,Bank,160.91
533,83,2024-09-23,In-Kind,Bank,70.59
534,188,2024-09-22,In-Kind,Online,163.74
535,223,2025-02-14,In-Kind,Online,245.53
536,244,2025-04-07,In-Kind,Bank,423.22
537,153,2025-06-24,In-Kind,Bank,124.23
538,61,2025-08-23,In-Kind,Bank,67.14
539,218,2025-02-19,In-Kind,Online,268.42
540,236,2025-03-21,In-Kind,Bank,53.19
541,187,2025-01-01,Cash,Bank,190.37
542,25,2025-02-22,In-Kind,Online,75.1
543,157,2025-07-29,Cash,Bank,350.0
544,26,2025-05-16,Cash,Bank,247.97
545,138,2024-09-24,In-Kind,Cash,50.16
546,33,2025-05-05,In-Kind,Online,177.0
547,146,2025-02-17,In-Kind,Bank,118.48
548,119,2025-06-27,In-Kind,Online,338.78
549,75,2025-07-05,In-Kind,Online,205.54
550,5,2024-12-06,Cash,Online,505.92
551,200,2024-09-29,In-Kind,Bank,158.61
552,75,2025-04-18,In-Kind,Bank,140.14
553,53,2024-12-18,Cash,Bank,57.7
554,166,2025-07-18,In-Kind,Bank,69.21
555,1,2025-06-23,In-Kind,Online,96.03
556,49,2024-11-27,Cash,Bank,116.08
557,156,2025-07-13,In-Kind,Cash,30.62
558,132,2024-10-30,In-Kind,Bank,48.32
559,156,2024-10-25,Cash,Online,196.01
560,166,2025-03-08,Cash,Online,187.66
561,148,2025-07-17,Cash,Bank,186.73
562,202,2025-02-05,In-Kind,Bank,69.95
563,128,2025-02-27,In-Kind,Online,107.48
564,91,2025-03-30,In-Kind,Online,104.73
565,192,2024-12-13,Cash,Bank,253.49
566,129,2025-07-03,In-Kind,Online,73.15
567,149,2025-01-16,Cash,Bank,159.42
568,65,2025-05-12,Cash,Bank,130.12
569,192,2025-04-12,In-Kind,Online,86.86
570,108,2025-07-29,In-Kind,Online,102.98
571,188,2025-07-28,In-Kind,Bank,172.65
572,153,2024-11-30,Cash,Bank,39.71
573,239,2025-08-28,Cash,Bank,135.42
574,183,2025-03-10,In-Kind,Online,58.19
575,91,2024-11-05,In-Kind,Bank,112.71
576,49,2025-01-19,In-Kind,Cash,54.56
577,40,2025-04-02,Cash,Online,64.84
578,47,2025-07-14,In-Kind,Bank,281.31
579,72,2025-01-03,Cash,Bank,369.96
580,143,2024-11-01,In-Kind,Bank,159.91
581,61,2024-09-07,Cash,Bank,310.01
582,16,2025-06-19,In-Kind,Online,214.79
583,125,2025-02-21,Cash,Bank,160.4
584,214,2025-02-26,In-Kind,Bank,25.59
585,31,2024-11-07,Cash,Bank,110.5
586,32,2025-03-06,In-Kind,Online,92.62
587,1,2025-05-19,In-Kind,Online,151.97
588,178,2025-08-18,Cash,Bank,89.55
589,142,2024-12-21,In-Kind,Online,138.06
590,179,2025-02-10,In-Kind,Online,434.61
591,203,2025-07-12,Cash,Bank,153.34
592,33,2024-12-12,In-Kind,Online,71.06
593,168,2025-07-02,Cash,Cash,33.11
594,54,2024-11-20,In-Kind,Online,75.54
595,228,2025-02-15,In-Kind,Online,220.78
596,75,2025-06-24,Cash,Cash,122.85
597,177,2025-01-21,Cash,Bank,101.29
598,167,2025-04-16,In-Kind,Online,118.83
599,37,2025-03-29,In-Kind,Online,94.22
600,105,2025-07-08,In-Kind,Bank,227.86
601,23,2025-06-30,Cash,Bank,361.76
602,192,2024-09-07,In-Kind,Bank,86.31
603,142,2024-11-19,Cash,Online,234.98
604,164,2024-11-21,Cash,Online,254.87
605,104,2025-03-30,Cash,Bank,191.15
606,156,2025-06-02,In-Kind,Bank,91.59
607,71,2025-01-27,In-Kind,Online,197.1
608,7,2025-07-14,Cash,Online,119.64
609,103,2024-09-10,Cash,Bank,83.65
610,68,2025-03-30,In-Kind,Bank,330.07
611,92,2025-02-01,Cash,Online,161.04
612,41,2025-08-24,Cash,Cash,66.91
613,74,2025-08-16,Cash,Bank,77.63
614,63,2025-06-26,Cash,Bank,36.65
615,13,2025-04-07,In-Kind,Online,85.2
616,73,2025-05-13,Cash,Online,142.22
617,213,2024-11-16,Cash,Online,85.44
618,118,2024-11-12,In-Kind,Bank,476.04
619,82,2024-12-10,In-Kind,Bank,92.39
620,126,2025-08-14,Cash,Online,258.02
621,225,2025-01-27,Cash,Bank,141.77
622,146,2025-03-05,In-Kind,Bank,126.54
623,121,2025-01-03,Cash,Bank,21.73
624,162,2024-12-23,Cash,Bank,110.26
625,178,2025-02-27,In-Kind,Bank,215.58
626,219,2025-02-02,In-Kind,Bank,145.13
627,222,2025-01-21,In-Kind,Bank,244.71
628,88,2025-08-01,In-Kind,Bank,257.04
629,217,2025-02-24,In-Kind,Online,185.4
630,101,2025-08-18,Cash,Bank,456.53
631,22,2025-07-23,In-Kind,Bank,169.38
632,221,2025-05-22,Cash,Cash,231.78
633,231,2024-12-24,In-Kind,Online,86.38
634,138,2025-07-28,In-Kind,Bank,156.25
635,40,2025-06-21,In-Kind,Bank,117.23
636,148,2025-05-23,Cash,Bank,139.76
637,12,2025-06-22,Cash,Online,40.14
638,215,2024-12-01,In-Kind,Cash,363.47
639,249,2024-11-21,Cash,Online,193.85
640,157,2025-02-27,In-Kind,Online,135.69
641,98,2024-11-16,Cash,Online,140.45
642,73,2024-11-15,In-Kind,Online,355.84
643,249,2024-11-11,Cash,Bank,107.11
644,232,2025-03-15,In-Kind,Bank,143.99
645,114,2024-12-01,In-Kind,Bank,236.31
646,140,2025-01-09,Cash,Bank,101.85
647,34,2024-11-17,Cash,Online,227.77
648,126,2025-03-21,In-Kind,Bank,24.1
649,58,2024-09-05,Cash,Bank,182.88
650,164,2025-03-17,In-Kind,Online,541.52
651,161,2025-01-27,In-Kind,Cash,55.73
652,38,2025-05-08,In-Kind,Bank,104.37
653,178,2025-04-03,In-Kind,Bank,107.28
654,233,2025-02-21,Cash,Bank,269.05
655,37,2025-05-07,In-Kind,Cash,331.64
656,173,2024-11-25,In-Kind,Bank,229.37
657,83,2025-01-29,In-Kind,Cash,105.73
658,6,2024-09-05,In-Kind,Bank,95.59
659,67,2025-06-05,Cash,Online,146.12
660,200,2025-03-20,Cash,Cash,66.06
661,133,2024-11-10,Cash,Bank,205.18
662,174,2025-08-23,In-Kind,Online,162.95
663,222,2025-01-07,In-Kind,Bank,49.41
664,103,2024-09-07,Cash,Bank,130.6
665,124,2024-09-03,Cash,Online,119.09
666,16,2024-10-15,In-Kind,Online,312.79
667,87,2024-12-22,Cash,Bank,341.85
668,82,2025-05-19,In-Kind,Bank,130.89
669,45,2025-06-28,Cash,Online,112.59
670,161,2025-06-21,Cash,Cash,167.23
671,17,2024-11-09,Cash,Online,177.1
672,195,2025-08-04,Cash,Online,199.6
673,107,2025-05-31,In-Kind,Online,163.51
674,159,2025-01-15,In-Kind,Cash,183.3
675,161,2025-07-01,In-Kind,Online,68.5
676,243,2025-06-27,In-Kind,Online,230.81
677,21,2024-10-09,In-Kind,Bank,25.55
678,180,2024-11-25,In-Kind,Bank,90.45
679,21,2024-12-01,Cash,Online,182.1
680,8,2025-02-27,Cash,Bank,194.57
681,67,2025-02-11,Cash,Online,96.11
682,193,2025-08-12,In-Kind,Bank,294.4
683,177,2025-02-13,In-Kind,Bank,114.95
684,217,2025-04-05,Cash,Online,170.83
685,10,2024-10-07,In-Kind,Bank,122.02
686,250,2024-12-27,Cash,Bank,217.49
687,36,2025-03-25,Cash,Bank,139.35
688,192,2025-04-11,Cash,Bank,238.1
689,133,2025-03-06,Cash,Online,544.18
690,179,2024-12-01,In-Kind,Bank,226.27
691,123,2024-10-01,In-Kind,Bank,92.35
692,61,2025-03-01,Cash,Cash,231.7
693,19,2025-03-14,Cash,Cash,158.56
694,239,2024-10-17,Cash,Bank,164.96
695,14,2025-05-28,In-Kind,Bank,444.59
696,237,2025-01-30,In-Kind,Bank,65.81
697,126,2025-06-26,In-Kind,Bank,110.28
698,144,2024-10-11,In-Kind,Bank,25.7
699,46,2024-11-21,In-Kind,Online,111.98
700,14,2025-01-01,Cash,Online,184.17
701,180,2025-01-31,Cash,Bank,375.71
702,185,2025-06-01,In-Kind,Cash,32.64
703,134,2024-11-27,In-Kind,Online,438.19
704,200,2025-03-02,In-Kind,Online,162.44
705,243,2025-08-28,Cash,Bank,44.67
706,202,2025-02-03,Cash,Online,34.19
707,177,2025-05-02,Cash,Bank,133.0
708,171,2025-08-28,In-Kind,Bank,258.44
709,54,2025-01-30,Cash,Bank,148.78
710,59,2025-06-13,In-Kind,Online,132.69
711,192,2025-03-06,Cash,Bank,59.6
712,207,2025-01-09,In-Kind,Online,111.38
713,83,2024-11-23,In-Kind,Bank,153.94
714,151,2024-10-05,In-Kind,Bank,211.09
715,10,2025-05-20,In-Kind,Online,77.74
716,61,2024-10-26,Cash,Bank,197.05
717,228,2025-03-02,Cash,Online,46.4
718,56,2025-01-26,Cash,Online,158.12
719,247,2024-11-25,In-Kind,Bank,52.53
720,130,2025-01-24,Cash,Bank,188.71
721,65,2025-06-27,Cash,Bank,62.75
722,111,2024-12-17,In-Kind,Online,442.51
723,7,2025-04-29,In-Kind,Online,50.71
724,180,2024-10-07,In-Kind,Online,310.99
725,83,2025-01-20,Cash,Online,34.44
726,179,2024-10-28,In-Kind,Online,108.09
727,88,2024-12-24,Cash,Bank,63.76
728,120,2025-02-18,Cash,Bank,66.39
729,132,2024-11-29,Cash,Bank,197.53
730,156,2025-01-30,Cash,Bank,194.36
731,121,2024-12-17,Cash,Bank,216.32
732,220,2025-08-13,Cash,Bank,66.34
733,13,2024-12-09,In-Kind,Bank,45.41
734,100,2025-03-03,In-Kind,Bank,221.99
735,246,2025-05-31,Cash,Cash,69.4
736,35,2024-11-20,In-Kind,Bank,126.03
737,8,2025-03-14,In-Kind,Bank,126.32
738,61,2024-12-12,In-Kind,Online,289.25
739,165,2024-11-07,Cash,Online,76.01
740,238,2025-01-05,Cash,Cash,234.26
741,142,2025-03-04,In-Kind,Online,198.04
742,242,2025-02-19,In-Kind,Online,79.26
743,171,2025-04-25,In-Kind,Bank,124.99
744,9,2025-04-17,Cash,Bank,97.04
745,189,2025-01-15,Cash,Online,161.12
746,103,2025-03-22,In-Kind,Online,233.6
747,173,2024-12-04,Cash,Bank,196.26
748,211,2025-08-26,Cash,Bank,355.14
749,44,2025-06-19,Cash,Online,91.52
750,213,2025-05-12,Cash,Bank,432.5
751,96,2024-12-25,Cash,Bank,171.86
752,222,2025-08-18,Cash,Bank,108.25
753,89,2025-08-25,Cash,Bank,187.97
754,235,2024-09-17,Cash,Online,65.24
755,32,2025-06-13,Cash,Bank,256.45
756,245,2024-12-27,In-Kind,Online,74.51
757,14,2024-11-30,Cash,Online,349.89
758,105,2025-02-21,In-Kind,Online,156.11
759,242,2025-06-21,Cash,Online,166.96
760,87,2025-01-02,Cash,Bank,101.98
761,208,2025-07-15,Cash,Cash,4.81
762,216,2025-06-20,In-Kind,Online,221.48
763,196,2025-04-15,Cash,Online,326.17
764,120,2024-09-08,Cash,Bank,447.48
765,20,2025-01-20,Cash,Bank,199.69
766,110,2025-04-17,In-Kind,Bank,82.85
767,148,2025-01-13,In-Kind,Bank,28.92
768,161,2025-03-28,In-Kind,Bank,244.54
769,223,2025-04-27,In-Kind,Bank,84.12
770,21,2025-04-27,Cash,Bank,256.7
771,243,2024-11-19,Cash,Online,271.22
772,38,2025-06-09,In-Kind,Bank,310.85
773,86,2025-02-03,Cash,Bank,221.23
774,125,2025-08-26,In-Kind,Online,382.91
775,13,2025-05-28,In-Kind,Online,206.34
776,21,2025-08-19,Cash,Online,106.07
777,242,2025-01-31,Cash,Cash,40.26
778,203,2025-06-23,Cash,Bank,143.9
779,170,2025-06-11,Cash,Bank,293.51
780,66,2025-02-20,Cash,Online,341.38
781,141,2024-11-11,In-Kind,Bank,213.49
782,46,2025-02-09,Cash,Cash,138.88
783,202,2024-10-13,In-Kind,Online,514.49
784,108,2025-05-10,Cash,Bank,85.06
785,125,2024-09-13,Cash,Online,176.55
786,32,2025-04-26,In-Kind,Bank,210.34
787,49,2025-05-27,Cash,Bank,111.67
788,59,2025-03-30,In-Kind,Bank,301.12
789,112,2024-11-19,Cash,Bank,195.06
790,120,2025-08-14,In-Kind,Bank,40.77
791,235,2025-06-17,In-Kind,Bank,268.02
792,45,2025-06-05,In-Kind,Online,292.62
793,209,2024-09-21,In-Kind,Bank,310.0
794,129,2025-06-28,Cash,Bank,93.96
795,91,2025-05-07,In-Kind,Bank,190.54
796,125,2025-08-24,In-Kind,Bank,367.33
797,177,2024-09-08,Cash,Online,41.2
798,87,2024-11-11,Cash,Bank,124.16
799,32,2024-11-25,In-Kind,Bank,37.67
800,188,2024-12-27,Cash,Bank,120.41
801,5,2025-05-22,Cash,Cash,451.27
802,149,2025-03-23,In-Kind,Bank,57.65
803,94,2024-12-29,In-Kind,Online,350.74
804,221,2025-03-10,In-Kind,Online,103.36
805,210,2025-01-28,In-Kind,Online,33.96
806,6,2025-01-19,In-Kind,Bank,204.24
807,62,2025-04-07,Cash,Online,96.61
808,169,2025-03-12,Cash,Online,84.79
809,90,2025-05-19,In-Kind,Cash,76.13
810,57,2024-10-04,In-Kind,Bank,299.37
811,245,2025-07-12,Cash,Bank,124.81
812,62,2025-06-06,Cash,Bank,458.31
813,128,2024-10-31,In-Kind,Online,42.29
814,143,2025-08-21,In-Kind,Bank,124.18
815,136,2025-03-26,Cash,Bank,255.74
816,123,2025-01-28,Cash,Bank,382.43
817,193,2025-02-16,Cash,Bank,206.82
818,78,2025-07-08,Cash,Bank,89.91
819,80,2025-04-04,In-Kind,Cash,504.27
820,235,2024-11-06,Cash,Bank,183.07
821,28,2025-04-22,Cash,Online,80.89
822,94,2025-04-18,In-Kind,Bank,72.38
823,109,2025-06-26,In-Kind,Online,112.23
824,208,2024-09-28,Cash,Online,86.23
825,219,2025-05-19,In-Kind,Bank,151.05
826,99,2025-02-27,In-Kind,Bank,125.06
827,89,2025-03-24,In-Kind,Bank,203.2
828,236,2025-02-16,In-Kind,Cash,241.47
829,178,2025-01-12,In-Kind,Online,58.95
830,237,2024-09-11,Cash,Cash,200.47
831,204,2025-01-18,In-Kind,Bank,127.04
832,102,2024-09-23,Cash,Cash,165.25
833,203,2025-06-06,In-Kind,Bank,124.32
834,169,2025-06-26,In-Kind,Bank,392.4
835,30,2025-04-28,In-Kind,Bank,101.98
836,75,2025-04-01,In-Kind,Bank,377.89
837,105,2025-01-10,Cash,Bank,257.23
838,218,2024-10-07,Cash,Bank,67.61
839,54,2025-03-08,In-Kind,Bank,109.06
840,117,2025-01-10,In-Kind,Online,361.41
841,36,2024-11-15,Cash,Cash,76.99
842,222,2025-02-24,In-Kind,Bank,154.6
843,233,2024-09-03,Cash,Bank,76.04
844,229,2024-11-17,Cash,Cash,94.34
845,100,2024-10-17,In-Kind,Bank,4.24
846,231,2024-09-10,Cash,Cash,128.02
847,10,2025-05-11,In-Kind,Bank,214.72
848,124,2025-04-08,In-Kind,Cash,67.86
849,250,2025-08-08,In-Kind,Bank,181.8
850,189,2025-04-23,Cash,Online,378.75
851,186,2025-04-20,Cash,Online,473.58
852,17,2025-07-09,In-Kind,Bank,143.92
853,162,2024-10-11,Cash,Bank,71.25
854,68,2025-06-16,In-Kind,Bank,271.06
855,169,2025-02-09,In-Kind,Bank,186.4
856,137,2025-07-14,In-Kind,Bank,85.17
857,98,2025-05-27,In-Kind,Online,134.86
858,241,2025-08-04,Cash,Bank,38.22
859,136,2025-01-21,Cash,Bank,389.02
860,227,2025-06-20,Cash,Online,102.54
861,122,2025-01-19,Cash,Bank,177.15
862,143,2024-12-07,Cash,Online,109.52
863,169,2025-08-21,Cash,Bank,205.88
864,47,2025-06-13,In-Kind,Cash,143.68
865,151,2025-05-07,In-Kind,Online,66.6
866,38,2025-03-26,In-Kind,Online,46.22
867,30,2024-11-06,Cash,Bank,118.36
868,188,2024-09-18,In-Kind,Bank,602.84
869,192,2025-05-06,Cash,Bank,461.42
870,139,2025-01-07,In-Kind,Bank,242.91
871,82,2025-02-12,In-Kind,Online,358.07
872,28,2025-07-24,Cash,Bank,256.5
873,173,2024-10-31,Cash,Online,162.04
874,170,2025-05-12,Cash,Bank,427.31
875,57,2025-01-15,Cash,Bank,478.17
876,66,2024-10-24,Cash,Bank,114.76
877,24,2024-09-13,Cash,Online,26.89
878,36,2025-06-17,In-Kind,Bank,57.34
879,9,2025-02-01,Cash,Online,31.32
880,166,2024-12-09,Cash,Online,192.3
881,100,2025-02-10,Cash,Online,268.4
882,163,2025-02-01,Cash,Bank,126.9
883,146,2025-01-25,In-Kind,Bank,87.42
884,22,2025-07-11,In-Kind,Online,186.84
885,204,2025-03-31,In-Kind,Cash,388.16
886,93,2025-05-18,In-Kind,Bank,195.27
887,247,2025-01-14,In-Kind,Bank,313.3
888,18,2024-12-29,In-Kind,Cash,364.85
889,138,2024-10-11,Cash,Bank,747.4
890,130,2025-08-26,In-Kind,Bank,330.98
891,168,2025-02-04,Cash,Online,357.6
892,176,2025-03-18,In-Kind,Cash,347.76
893,29,2025-07-11,Cash,Online,53.42
894,25,2025-08-13,Cash,Online,69.12
895,129,2024-09-26,Cash,Bank,148.18
896,237,2025-01-08,In-Kind,Bank,215.7
897,124,2024-10-10,In-Kind,Cash,139.73
898,237,2025-06-03,In-Kind,Cash,47.63
899,134,2024-10-07,In-Kind,Bank,85.48
900,195,2024-09-09,Cash,Bank,224.18
901,52,2024-10-28,In-Kind,Bank,167.89
902,49,2025-04-21,Cash,Bank,229.81
903,247,2025-03-02,In-Kind,Bank,263.7
904,165,2025-03-17,In-Kind,Bank,330.01
905,174,2024-12-29,Cash,Bank,18.06
906,211,2024-10-07,In-Kind,Bank,200.33
907,130,2024-09-19,Cash,Bank,247.42
908,76,2025-03-31,In-Kind,Online,78.51
909,170,2024-11-27,Cash,Bank,68.74
910,8,2025-02-04,Cash,Online,131.43
911,108,2025-06-26,Cash,Bank,46.55
912,75,2025-05-28,Cash,Online,139.57
913,164,2024-11-21,In-Kind,Bank,103.7
914,179,2025-03-22,Cash,Online,111.3
915,131,2025-01-16,In-Kind,Online,117.18
916,200,2025-08-24,Cash,Online,69.35
917,206,2025-04-16,In-Kind,Online,199.9
918,1,2025-05-07,In-Kind,Bank,186.47
919,64,2025-04-26,Cash,Online,84.01
920,193,2025-04-16,In-Kind,Online,95.62
921,124,2024-12-30,Cash,Bank,85.39
922,175,2024-11-06,In-Kind,Bank,110.34
923,8,2025-04-10,Cash,Bank,19.45
924,222,2025-04-03,Cash,Cash,75.93
925,50,2025-05-21,Cash,Bank,386.25
926,128,2025-03-18,Cash,Bank,188.82
927,195,2025-05-17,Cash,Online,211.53
928,152,2025-08-30,Cash,Bank,62.15
929,230,2025-06-15,In-Kind,Bank,312.82
930,11,2025-05-11,In-Kind,Cash,95.9
931,165,2025-01-09,In-Kind,Bank,147.81
932,105,2025-02-09,Cash,Online,119.05
933,59,2025-04-09,Cash,Bank,239.23
934,68,2025-06-02,Cash,Bank,503.36
935,190,2025-08-26,Cash,Bank,208.77
936,106,2025-06-17,Cash,Online,316.64
937,113,2025-06-20,Cash,Cash,96.1
938,222,2025-02-08,Cash,Bank,46.27
939,165,2025-08-09,In-Kind,Bank,177.33
940,8,2025-04-28,Cash,Online,102.91
941,63,2025-02-17,Cash,Bank,237.32
942,198,2024-11-27,In-Kind,Bank,272.84
943,248,2024-12-16,Cash,Online,397.56
944,118,2025-02-19,Cash,Bank,170.98
945,14,2025-07-29,In-Kind,Online,237.39
946,75,2025-08-20,Cash,Online,86.3
947,131,2025-05-29,In-Kind,Online,438.31
948,95,2024-09-30,Cash,Bank,61.13
949,177,2024-12-22,Cash,Bank,138.97
950,69,2025-02-11,In-Kind,Online,69.43
951,166,2024-10-20,In-Kind,Bank,184.7
952,234,2025-08-11,Cash,Bank,249.65
953,81,2025-01-11,In-Kind,Bank,86.21
954,223,2025-04-21,In-Kind,Bank,56.43
955,28,2025-02-28,In-Kind,Online,340.36
956,216,2025-01-27,Cash,Bank,421.66
957,132,2024-12-01,In-Kind,Bank,84.27
958,216,2025-08-09,In-Kind,Bank,55.35
959,77,2025-08-07,Cash,Bank,116.9
960,46,2024-09-03,Cash,Cash,119.29
961,238,2025-05-27,Cash,Online,220.99
962,113,2025-07-20,Cash,Cash,316.16
963,168,2025-03-24,Cash,Bank,299.62
964,198,2025-06-05,In-Kind,Bank,82.93
965,121,2025-06-16,In-Kind,Bank,174.15
966,81,2025-03-09,Cash,Bank,148.15
967,14,2025-08-31,Cash,Bank,49.88
968,64,2024-10-10,In-Kind,Online,144.23
969,214,2024-11-27,Cash,Bank,76.1
970,27,2025-06-19,Cash,Cash,322.03
971,65,2025-03-13,Cash,Online,180.36
972,184,2024-11-03,In-Kind,Bank,135.71
973,139,2025-04-10,Cash,Online,119.67
974,41,2025-05-07,In-Kind,Bank,120.0
975,142,2025-01-04,Cash,Online,261.91
976,89,2025-03-28,In-Kind,Bank,70.12
977,94,2025-01-19,In-Kind,Bank,59.33
978,145,2025-07-29,Cash,Bank,56.13
979,239,2024-12-20,In-Kind,Bank,181.02
980,156,2024-10-21,Cash,Online,124.56
981,241,2025-01-13,Cash,Bank,87.11
982,214,2025-07-11,Cash,Bank,14.83
983,189,2024-09-25,In-Kind,Online,196.57
984,57,2025-03-05,Cash,Online,29.45
985,79,2024-12-15,Cash,Online,179.31
986,183,2025-07-01,In-Kind,Bank,254.86
987,169,2024-12-04,In-Kind,Online,127.49
988,168,2025-06-28,In-Kind,Online,106.81
989,119,2025-06-08,Cash,Bank,235.41
990,53,2025-07-05,Cash,Online,171.95
991,31,2024-10-08,Cash,Online,62.54
992,12,2025-04-07,In-Kind,Online,238.13
993,44,2024-12-26,Cash,Bank,189.83
994,19,2025-03-28,In-Kind,Online,338.66
995,74,2025-08-10,Cash,Cash,87.07
996,181,2025-06-29,Cash,Cash,276.99
997,177,2024-10-17,In-Kind,Online,132.41
998,101,2025-07-05,Cash,Bank,23.67
999,245,2025-07-07,Cash,Bank,102.13
1000,13,2025-04-12,Cash,Online,162.97
1001,47,2024-12-14,Cash,Cash,280.73
1002,145,2024-11-16,In-Kind,Bank,66.21
1003,177,2025-02-19,Cash,Bank,270.77
1004,68,2025-08-04,Cash,Bank,115.3
1005,191,2024-10-25,Cash,Bank,178.27
1006,245,2024-12-27,In-Kind,Bank,133.93
1007,91,2024-09-01,In-Kind,Online,326.0
1008,142,2025-03-18,Cash,Bank,174.52
1009,187,2024-12-29,In-Kind,Bank,86.43
1010,7,2025-05-29,Cash,Cash,266.5
1011,62,2025-06-02,Cash,Online,203.59
1012,69,2025-06-19,Cash,Bank,171.27
1013,36,2025-07-27,Cash,Cash,202.77
1014,240,2025-08-01,In-Kind,Bank,270.32
1015,163,2025-03-08,In-Kind,Bank,166.55
1016,115,2025-05-26,In-Kind,Bank,118.0
1017,41,2025-03-04,Cash,Bank,43.36
1018,28,2024-10-25,In-Kind,Bank,118.88
1019,60,2024-10-29,Cash,Bank,238.61
1020,30,2025-03-21,In-Kind,Bank,116.68
1021,181,2024-09-12,In-Kind,Bank,73.05
1022,178,2025-03-04,Cash,Bank,190.48
1023,162,2024-12-18,Cash,Bank,174.83
1024,44,2025-08-07,In-Kind,Bank,140.18
1025,105,2024-10-08,In-Kind,Bank,158.62
1026,91,2024-11-10,Cash,Bank,305.97
1027,219,2025-03-05,Cash,Bank,228.62
1028,28,2024-10-15,In-Kind,Bank,115.65
1029,31,2025-03-15,In-Kind,Online,146.8
1030,36,2025-06-27,Cash,Bank,79.92
1031,167,2025-06-15,Cash,Bank,262.78
1032,19,2025-03-30,In-Kind,Bank,48.21
1033,208,2024-12-22,Cash,Online,101.54
1034,249,2024-09-24,Cash,Online,103.11
1035,201,2024-09-30,Cash,Bank,196.97
1036,146,2024-09-19,Cash,Online,106.2
1037,183,2024-09-30,In-Kind,Bank,168.0
1038,202,2025-08-18,Cash,Bank,124.69
1039,5,2025-05-06,In-Kind,Online,200.85
1040,176,2025-01-31,Cash,Bank,124.2
1041,148,2025-01-08,Cash,Bank,67.86
1042,180,2025-06-18,Cash,Online,218.86
1043,1,2024-12-04,Cash,Online,267.46
1044,29,2025-03-24,Cash,Cash,175.04
1045,102,2024-12-14,In-Kind,Bank,200.1
1046,237,2025-02-24,Cash,Online,331.06
1047,109,2025-07-31,In-Kind,Online,166.26
1048,168,2025-08-17,In-Kind,Online,100.74
1049,221,2025-08-12,Cash,Online,16.82
1050,123,2025-08-26,Cash,Bank,516.3
1051,186,2024-11-21,In-Kind,Cash,142.04
1052,26,2024-10-12,Cash,Cash,131.83
1053,11,2025-06-21,In-Kind,Bank,205.91
1054,131,2024-12-30,Cash,Cash,325.29
1055,177,2025-07-04,Cash,Online,613.27
1056,227,2025-04-15,In-Kind,Online,267.94
1057,46,2024-09-08,Cash,Online,242.94
1058,237,2025-02-22,Cash,Online,255.5
1059,215,2025-02-22,Cash,Bank,175.14
1060,184,2025-06-20,Cash,Bank,30.42
1061,183,2025-02-05,In-Kind,Bank,181.28
1062,244,2025-07-31,In-Kind,Bank,87.77
1063,18,2024-09-02,Cash,Bank,81.57
1064,80,2025-07-13,Cash,Bank,128.9
1065,169,2024-10-02,In-Kind,Cash,132.23
1066,151,2025-08-03,Cash,Bank,179.83
1067,1,2025-04-17,Cash,Bank,143.54
1068,7,2024-10-01,In-Kind,Online,156.94
1069,178,2025-01-13,In-Kind,Bank,111.33
1070,98,2025-01-03,Cash,Online,191.49
1071,182,2025-01-09,In-Kind,Bank,35.38
1072,194,2025-08-11,In-Kind,Cash,194.37
1073,189,2025-06-13,In-Kind,Bank,106.82
1074,81,2025-06-24,In-Kind,Bank,294.07
1075,82,2025-06-24,Cash,Bank,432.86
1076,239,2025-07-24,In-Kind,Bank,157.51
1077,166,2025-06-21,Cash,Online,163.4
1078,98,2025-07-07,In-Kind,Online,749.1
1079,233,2025-04-16,In-Kind,Online,214.03
1080,46,2025-05-17,In-Kind,Online,96.29
1081,207,2025-04-30,In-Kind,Bank,383.82
1082,248,2025-01-31,Cash,Online,234.45
1083,215,2025-03-23,Cash,Bank,246.9
1084,141,2025-02-22,Cash,Bank,317.44
1085,25,2024-12-06,In-Kind,Bank,31.28
1086,216,2025-06-13,In-Kind,Cash,87.86
1087,8,2025-08-05,Cash,Bank,117.88
1088,125,2025-06-21,In-Kind,Online,122.62
1089,229,2025-07-18,In-Kind,Bank,119.37
1090,234,2025-08-18,In-Kind,Bank,76.82
1091,205,2025-05-15,Cash,Bank,182.75
1092,18,2025-02-23,In-Kind,Bank,151.62
1093,70,2025-06-11,In-Kind,Bank,122.99
1094,31,2025-04-12,Cash,Bank,345.07
1095,45,2025-07-22,In-Kind,Bank,363.09
1096,195,2024-12-07,Cash,Bank,196.72
1097,76,2024-09-03,Cash,Bank,144.99
1098,170,2025-05-19,In-Kind,Bank,140.09
1099,135,2025-03-19,In-Kind,Bank,120.19
1100,106,2025-01-16,In-Kind,Bank,131.61
1101,185,2025-05-30,In-Kind,Bank,85.64
1102,60,2025-06-02,Cash,Bank,174.84
1103,42,2025-05-12,Cash,Online,205.08
1104,82,2025-07-04,Cash,Online,142.82
1105,18,2025-08-01,In-Kind,Bank,157.95
1106,177,2025-06-22,In-Kind,Bank,175.84
1107,104,2024-11-02,Cash,Cash,222.28
1108,223,2025-04-05,Cash,Online,43.73
1109,16,2025-03-05,In-Kind,Bank,163.72
1110,6,2024-12-21,In-Kind,Online,207.34
1111,223,2025-02-24,In-Kind,Online,124.18
1112,69,2025-05-20,Cash,Bank,171.04
1113,198,2025-02-21,In-Kind,Bank,118.71
1114,141,2025-06-29,Cash,Cash,102.52
1115,230,2025-01-23,Cash,Cash,63.07
1116,225,2025-04-05,In-Kind,Online,200.37
1117,8,2025-02-22,In-Kind,Online,85.91
1118,92,2025-04-25,Cash,Bank,412.74
1119,149,2025-08-24,Cash,Online,467.93
1120,120,2025-06-19,Cash,Online,93.2
1121,60,2025-03-29,Cash,Bank,204.38
1122,72,2025-07-06,In-Kind,Online,389.42
1123,182,2024-12-24,Cash,Cash,201.17
1124,205,2025-05-12,Cash,Online,92.11
1125,206,2025-07-01,In-Kind,Cash,113.76
1126,239,2024-09-29,Cash,Online,135.9
1127,177,2025-01-01,Cash,Bank,422.27
1128,53,2025-06-15,Cash,Online,54.39
1129,30,2025-07-10,In-Kind,Online,580.26
1130,129,2024-10-13,In-Kind,Bank,125.06
1131,241,2024-10-31,Cash,Cash,106.2
1132,178,2025-07-10,In-Kind,Online,226.97
1133,155,2025-05-01,Cash,Bank,258.6
1134,179,2025-04-13,Cash,Bank,270.24
1135,89,2025-02-28,In-Kind,Online,136.28
1136,50,2024-10-24,Cash,Online,125.91
1137,107,2024-09-27,In-Kind,Online,97.65
1138,195,2024-09-18,Cash,Bank,77.67
1139,208,2025-03-09,Cash,Bank,238.73
1140,32,2025-06-22,In-Kind,Bank,116.73
1141,102,2024-11-03,In-Kind,Online,261.64
1142,16,2025-07-12,Cash,Cash,114.24
1143,242,2025-08-02,Cash,Cash,382.54
1144,199,2025-02-24,Cash,Bank,328.31
1145,209,2024-10-20,In-Kind,Bank,162.99
1146,44,2025-08-03,In-Kind,Bank,125.21
1147,37,2024-12-18,In-Kind,Bank,34.54
1148,94,2024-10-08,In-Kind,Online,357.16
1149,25,2025-07-17,Cash,Bank,68.68
1150,208,2025-06-24,Cash,Bank,112.48
1151,235,2025-08-22,Cash,Bank,288.58
1152,13,2024-12-19,Cash,Online,154.5
1153,11,2025-05-23,In-Kind,Bank,31.23
1154,42,2024-11-21,In-Kind,Cash,224.26
1155,246,2025-03-23,In-Kind,Online,79.73
1156,151,2025-03-01,In-Kind,Online,320.1
1157,160,2025-05-13,Cash,Online,127.41
1158,75,2025-05-05,In-Kind,Bank,112.87
1159,80,2024-10-26,Cash,Online,135.33
1160,26,2025-05-08,Cash,Online,150.59
1161,96,2025-01-14,In-Kind,Online,45.31
1162,70,2025-05-26,Cash,Online,222.58
1163,36,2025-01-09,In-Kind,Bank,97.67
1164,187,2024-09-03,Cash,Cash,68.41
1165,210,2024-12-18,In-Kind,Online,124.76
1166,44,2024-10-19,Cash,Cash,142.4
1167,233,2024-09-07,In-Kind,Online,73.89
1168,153,2025-05-03,In-Kind,Online,169.57
1169,106,2025-03-06,Cash,Bank,228.12
1170,219,2025-04-19,Cash,Online,93.88
1171,162,2025-07-04,Cash,Bank,61.72
1172,44,2025-07-17,Cash,Bank,86.5
1173,87,2025-08-19,Cash,Online,115.43
1174,215,2025-08-10,Cash,Bank,74.57
1175,10,2025-02-16,Cash,Bank,10.94
1176,7,2025-06-12,In-Kind,Cash,387.23
1177,202,2025-08-14,Cash,Bank,203.42
1178,166,2025-01-27,Cash,Bank,100.83
1179,73,2025-05-15,In-Kind,Bank,388.93
1180,195,2024-09-01,Cash,Bank,65.48
1181,187,2024-09-30,Cash,Bank,280.35
1182,124,2025-03-22,Cash,Bank,82.59
1183,52,2024-11-03,In-Kind,Online,84.78
1184,67,2025-08-04,In-Kind,Online,117.61
1185,248,2025-02-04,Cash,Bank,84.65
1186,60,2025-04-20,In-Kind,Bank,40.08
1187,244,2025-01-30,Cash,Bank,222.14
1188,250,2025-02-12,In-Kind,Cash,222.24
1189,230,2024-09-17,In-Kind,Bank,415.57
1190,45,2025-04-03,In-Kind,Online,329.18
1191,224,2025-05-27,Cash,Bank,203.88
1192,119,2025-08-16,Cash,Bank,177.42
1193,89,2025-03-08,In-Kind,Bank,147.49
1194,243,2025-06-02,In-Kind,Bank,252.82
1195,205,2025-03-17,In-Kind,Bank,72.62
1196,196,2025-02-27,Cash,Bank,46.48
1197,119,2024-12-19,In-Kind,Online,141.96
1198,155,2024-10-06,In-Kind,Cash,239.45
1199,71,2024-09-29,Cash,Bank,180.21
1200,205,2025-04-10,In-Kind,Cash,136.26
